Instance,Algorithm,n,Mean Cost,Std,Min,Max,Mean Gap (%),Shapiro-Wilk W,Shapiro-Wilk p,Mann-Whitney U,Mann-Whitney p,Effect Size r
berlin52,GA,30,"8,136.5",271.0,"7,663","8,681",7.88,0.9719,0.5921,862.5,0.000000,-0.9167
berlin52,SA,30,"7,640.0",121.8,"7,542","7,977",1.30,0.7637,0.0000,,,
pr76,GA,30,"114,656.8","3,133.8","109,572","121,964",6.01,0.9691,0.5160,855.0,0.000000,-0.9000
pr76,SA,30,"109,743.5",890.6,"108,159","111,382",1.46,0.9710,0.5668,,,
kroA100,GA,30,"23,037.4",587.6,"21,632","24,242",8.25,0.9753,0.6920,872.0,0.000000,-0.9378
kroA100,SA,30,"21,701.5",315.1,"21,331","22,747",1.97,0.8213,0.0002,,,
d198,GA,30,"16,654.0",203.5,"16,314","17,119",5.54,0.9676,0.4762,892.0,0.000000,-0.9822
d198,SA,30,"16,089.1",123.5,"15,882","16,482",1.96,0.9342,0.0637,,,
